Data,Último,Máximo,Mínimo,Abertura,Volume
19/11/2010,"7.400,00","7.400,00","7.400,00","7.400,00","2,00K"
22/11/2010,"7.300,00","7.400,00","7.300,00","7.380,00","10,77K"
24/11/2010,"7.300,00","7.300,00","7.200,00","7.200,00","68,41K"
25/11/2010,"7.520,00","7.550,00","7.310,00","7.310,00","157,85K"
26/11/2010,"7.400,00","7.500,00","7.300,00","7.320,00","81,12K"
29/11/2010,"7.500,00","7.500,00","7.340,00","7.340,00","106,53K"
30/11/2010,"7.500,00","7.550,00","7.380,00","7.380,00","308,13K"
01/12/2010,"7.650,00","7.700,00","7.530,00","7.590,00","877,59K"
02/12/2010,"7.700,00","7.770,00","7.570,00","7.570,00","296,08K"
03/12/2010,"7.760,00","7.790,00","7.760,00","7.790,00","33,19K"
06/12/2010,"8.000,00","8.000,00","7.700,00","7.700,00","734,00K"
07/12/2010,"7.920,00","8.130,00","7.900,00","8.050,00","145,46K"
09/12/2010,"7.880,00","7.900,00","7.880,00","7.900,00","7,90K"
10/12/2010,"7.890,00","7.900,00","7.860,00","7.880,00","142,40K"
13/12/2010,"7.860,00","7.980,00","7.840,00","7.940,00","105,83K"
14/12/2010,"7.880,00","7.950,00","7.850,00","7.900,00","86,68K"
15/12/2010,"7.860,00","7.900,00","7.800,00","7.900,00","25,91K"
16/12/2010,"7.800,00","7.890,00","7.800,00","7.800,00","89,81K"
17/12/2010,"7.850,00","7.920,00","7.800,00","7.890,00","364,54K"
20/12/2010,"7.900,00","7.940,00","7.820,00","7.900,00","240,16K"
21/12/2010,"7.820,00","7.900,00","7.800,00","7.850,00","99,55K"
22/12/2010,"7.800,00","7.900,00","7.760,00","7.840,00","111,49K"
23/12/2010,"7.900,00","7.900,00","7.800,00","7.800,00","258,32K"
24/12/2010,"7.880,00","7.900,00","7.860,00","7.900,00","70,20K"
27/12/2010,"7.950,00","7.970,00","7.850,00","7.920,00","93,16K"
28/12/2010,"7.820,00","7.870,00","7.820,00","7.870,00","45,69K"
29/12/2010,"7.840,00","7.960,00","7.810,00","7.810,00","25,77K"
30/12/2010,"7.860,00","7.900,00","7.850,00","7.900,00","13,95K"
03/01/2011,"7.850,00","7.850,00","7.850,00","7.850,00","22,75K"
04/01/2011,"7.900,00","7.900,00","7.850,00","7.850,00","60,00K"
05/01/2011,"7.900,00","7.900,00","7.830,00","7.830,00","4,38K"
06/01/2011,"7.840,00","7.840,00","7.840,00","7.840,00","3,54K"
07/01/2011,"7.910,00","7.910,00","7.910,00","7.910,00","103,00"
11/01/2011,"7.740,00","7.800,00","7.740,00","7.800,00","10,76K"
12/01/2011,"7.800,00","7.800,00","7.750,00","7.750,00","12,95K"
13/01/2011,"7.760,00","7.900,00","7.740,00","7.750,00","8,60K"
14/01/2011,"7.750,00","7.760,00","7.740,00","7.760,00","19,98K"
17/01/2011,"7.700,00","7.700,00","7.700,00","7.700,00","5,23K"
18/01/2011,"7.640,00","7.660,00","7.600,00","7.600,00","94,44K"
19/01/2011,"7.400,00","7.520,00","7.400,00","7.500,00","73,37K"
20/01/2011,"7.400,00","7.400,00","7.320,00","7.400,00","10,61K"
21/01/2011,"7.400,00","7.400,00","7.380,00","7.400,00","12,37K"
24/01/2011,"7.410,00","7.460,00","7.410,00","7.420,00","13,47K"
25/01/2011,"7.400,00","7.600,00","7.400,00","7.500,00","26,76K"
26/01/2011,"7.430,00","7.480,00","7.400,00","7.480,00","30,62K"
27/01/2011,"7.300,00","7.500,00","7.300,00","7.500,00","224,18K"
28/01/2011,"7.360,00","7.360,00","7.360,00","7.360,00","1,25K"
31/01/2011,"7.300,00","7.340,00","7.300,00","7.300,00","92,93K"
01/02/2011,"7.250,00","7.400,00","7.250,00","7.400,00","51,79K"
02/02/2011,"7.100,00","7.500,00","7.100,00","7.500,00","59,91K"
03/02/2011,"7.200,00","7.220,00","7.000,00","7.020,00","25,15K"
04/02/2011,"7.200,00","7.100,00","7.100,00","7.100,00","40,52K"
07/02/2011,"7.050,00","7.100,00","7.050,00","7.100,00","109,41K"
08/02/2011,"7.050,00","7.100,00","7.000,00","7.100,00","51,80K"
09/02/2011,"7.050,00","7.100,00","7.000,00","7.000,00","970,19K"
10/02/2011,"7.000,00","7.050,00","7.000,00","7.050,00","12,02K"
11/02/2011,"6.810,00","6.950,00","6.810,00","6.900,00","176,28K"
14/02/2011,"6.890,00","6.920,00","6.850,00","6.900,00","9,90K"
15/02/2011,"6.710,00","6.850,00","6.710,00","6.850,00","241,97K"
16/02/2011,"6.700,00","6.740,00","6.650,00","6.650,00","274,85K"
17/02/2011,"6.600,00","6.700,00","6.600,00","6.700,00","535,57K"
18/02/2011,"6.620,00","6.620,00","6.580,00","6.600,00","39,30K"
21/02/2011,"6.680,00","6.680,00","6.660,00","6.660,00","16,01K"
22/02/2011,"6.880,00","6.880,00","6.680,00","6.680,00","19,00K"
23/02/2011,"6.760,00","6.770,00","6.700,00","6.710,00","288,60K"
24/02/2011,"6.500,00","6.700,00","6.500,00","6.700,00","421,82K"
25/02/2011,"6.750,00","6.790,00","6.690,00","6.690,00","296,48K"
28/02/2011,"6.900,00","6.920,00","6.760,00","6.880,00","371,77K"
01/03/2011,"6.990,00","6.990,00","6.890,00","6.970,00","119,62K"
02/03/2011,"7.060,00","7.070,00","6.990,00","7.000,00","264,71K"
03/03/2011,"7.000,00","7.200,00","7.000,00","7.100,00","357,72K"
04/03/2011,"6.990,00","7.020,00","6.950,00","7.020,00","96,19K"
07/03/2011,"7.000,00","7.000,00","6.990,00","7.000,00","200,07K"
08/03/2011,"6.900,00","6.980,00","6.900,00","6.980,00","360,89K"
09/03/2011,"6.900,00","6.960,00","6.850,00","6.910,00","93,80K"
10/03/2011,"6.620,00","6.750,00","6.620,00","6.750,00","18,98K"
14/03/2011,"6.860,00","6.860,00","6.610,00","6.610,00","21,41K"
15/03/2011,"6.600,00","6.650,00","6.600,00","6.630,00","20,59K"
16/03/2011,"6.420,00","6.650,00","6.420,00","6.600,00","73,43K"
17/03/2011,"6.640,00","6.640,00","6.510,00","6.600,00","68,85K"
18/03/2011,"6.630,00","6.630,00","6.600,00","6.600,00","35,54K"
22/03/2011,"6.870,00","6.870,00","6.870,00","6.870,00","14,60K"
23/03/2011,"6.800,00","6.800,00","6.800,00","6.800,00","1,59K"
24/03/2011,"6.620,00","6.800,00","6.620,00","6.800,00","11,59K"
25/03/2011,"6.600,00","6.630,00","6.540,00","6.630,00","148,32K"
28/03/2011,"6.540,00","6.540,00","6.540,00","6.540,00","1,04K"
29/03/2011,"6.360,00","6.510,00","6.360,00","6.510,00","162,37K"
30/03/2011,"6.400,00","6.400,00","6.300,00","6.300,00","17,20K"
31/03/2011,"6.390,00","6.400,00","6.300,00","6.400,00","8,28K"
01/04/2011,"6.240,00","6.300,00","6.100,00","6.100,00","19,29K"
04/04/2011,"6.200,00","6.200,00","6.060,00","6.060,00","40,98K"
05/04/2011,"6.440,00","6.440,00","6.200,00","6.200,00","27,73K"
06/04/2011,"6.400,00","6.400,00","6.250,00","6.250,00","219,21K"
07/04/2011,"6.400,00","6.420,00","6.200,00","6.200,00","128,14K"
08/04/2011,"6.300,00","6.400,00","6.160,00","6.160,00","24,25K"
11/04/2011,"6.500,00","6.500,00","6.470,00","6.470,00","99,84K"
12/04/2011,"6.300,00","6.500,00","6.270,00","6.280,00","102,12K"
13/04/2011,"6.440,00","6.460,00","6.390,00","6.390,00","184,10K"
14/04/2011,"6.300,00","6.300,00","6.300,00","6.300,00","1,49K"
18/04/2011,"6.490,00","6.490,00","6.310,00","6.310,00","5,18K"
19/04/2011,"6.310,00","6.310,00","6.300,00","6.310,00","4,50K"
20/04/2011,"6.400,00","6.400,00","6.300,00","6.310,00","10,70K"
25/04/2011,"6.350,00","6.350,00","6.300,00","6.350,00","63,49K"
26/04/2011,"6.440,00","6.460,00","6.220,00","6.220,00","251,64K"
27/04/2011,"6.450,00","6.440,00","6.420,00","6.440,00","294,36K"
28/04/2011,"6.530,00","6.600,00","6.500,00","6.500,00","338,21K"
29/04/2011,"6.640,00","6.640,00","6.540,00","6.540,00","142,01K"
02/05/2011,"6.600,00","6.650,00","6.560,00","6.650,00","8,52K"
03/05/2011,"6.640,00","6.640,00","6.450,00","6.460,00","133,34K"
04/05/2011,"6.500,00","6.700,00","6.450,00","6.460,00","44,26K"
05/05/2011,"6.450,00","6.540,00","6.450,00","6.500,00","36,18K"
06/05/2011,"6.430,00","6.450,00","6.420,00","6.420,00","6,13K"
09/05/2011,"6.400,00","6.410,00","6.400,00","6.400,00","17,81K"
10/05/2011,"6.450,00","6.450,00","6.160,00","6.210,00","90,68K"
11/05/2011,"6.440,00","6.440,00","6.440,00","6.440,00","14,84K"
12/05/2011,"6.400,00","6.400,00","6.350,00","6.350,00","107,41K"
13/05/2011,"6.400,00","6.400,00","6.400,00","6.400,00","81,75K"
16/05/2011,"6.300,00","6.350,00","6.300,00","6.350,00","23,10K"
17/05/2011,"6.350,00","6.350,00","6.320,00","6.320,00","14,02K"
02/06/2011,"6.330,00","6.400,00","6.330,00","6.400,00","20,60K"
03/06/2011,"6.490,00","6.490,00","6.250,00","6.300,00","34,49K"
07/06/2011,"6.500,00","6.550,00","6.400,00","6.460,00","48,95K"
08/06/2011,"6.300,00","6.550,00","6.300,00","6.550,00","38,97K"
09/06/2011,"6.490,00","6.490,00","6.300,00","6.300,00","13,35K"
14/06/2011,"6.300,00","6.300,00","6.300,00","6.300,00","48,06K"
15/06/2011,"6.200,00","6.320,00","6.200,00","6.320,00","145,05K"
16/06/2011,"6.200,00","6.250,00","6.200,00","6.250,00","31,52K"
17/06/2011,"6.200,00","6.210,00","6.200,00","6.210,00","6,10K"
20/06/2011,"6.280,00","6.280,00","6.280,00","6.280,00","15,97K"
21/06/2011,"6.230,00","6.300,00","6.230,00","6.260,00","36,59K"
22/06/2011,"6.360,00","6.360,00","6.360,00","6.360,00","5,30K"
23/06/2011,"6.270,00","6.270,00","6.230,00","6.270,00","10,28K"
28/06/2011,"6.280,00","6.290,00","6.280,00","6.290,00","41,02K"
29/06/2011,"6.270,00","6.270,00","6.270,00","6.270,00","3,38K"
30/06/2011,"6.200,00","6.230,00","6.200,00","6.230,00","40,87K"
01/07/2011,"6.200,00","6.200,00","6.200,00","6.200,00","7,65K"
05/07/2011,"6.020,00","6.150,00","6.020,00","6.150,00","107,74K"
06/07/2011,"6.000,00","6.000,00","6.000,00","6.000,00","15,00K"
13/07/2011,"5.900,00","5.900,00","5.900,00","5.900,00","9,71K"
14/07/2011,"5.890,00","6.000,00","5.890,00","6.000,00","60,59K"
15/07/2011,"5.900,00","5.900,00","5.900,00","5.900,00","6,67K"
18/07/2011,"5.900,00","5.900,00","5.900,00","5.900,00","11,99K"
19/07/2011,"6.000,00","6.000,00","6.000,00","6.000,00","11,74K"
21/07/2011,"6.100,00","6.100,00","5.860,00","5.860,00","38,79K"
22/07/2011,"6.100,00","6.100,00","6.000,00","6.000,00","1,02M"
25/07/2011,"6.000,00","6.100,00","6.000,00","6.100,00","17,18K"
26/07/2011,"6.080,00","6.080,00","6.050,00","6.050,00","7,10K"
27/07/2011,"5.980,00","5.980,00","5.980,00","5.980,00","4,75K"
28/07/2011,"6.000,00","6.000,00","6.000,00","6.000,00","11,79K"
29/07/2011,"5.870,00","5.870,00","5.870,00","5.870,00","3,10K"
01/08/2011,"5.870,00","5.870,00","5.870,00","5.870,00","2,54K"
02/08/2011,"5.870,00","5.950,00","5.870,00","5.950,00","83,82K"
03/08/2011,"5.790,00","5.790,00","5.790,00","5.790,00","4,75K"
04/08/2011,"5.700,00","5.700,00","5.600,00","5.600,00","44,83K"
08/08/2011,"5.900,00","5.900,00","5.900,00","5.900,00","184,62K"
09/08/2011,"6.000,00","6.000,00","5.900,00","5.900,00","111,28K"
10/08/2011,"6.000,00","6.000,00","6.000,00","6.000,00","2,76K"
11/08/2011,"6.050,00","6.050,00","6.000,00","6.000,00","18,61K"
12/08/2011,"6.100,00","6.100,00","6.100,00","6.100,00","29,04K"
17/08/2011,"5.920,00","5.930,00","5.920,00","5.930,00","38,78K"
22/08/2011,"6.000,00","6.000,00","6.000,00","6.000,00","13,33K"
23/08/2011,"5.900,00","5.950,00","5.900,00","5.950,00","199,21K"
24/08/2011,"5.980,00","5.980,00","5.980,00","5.980,00","2,50K"
26/08/2011,"5.930,00","5.930,00","5.770,00","5.820,00","52,02K"
30/08/2011,"6.000,00","6.000,00","5.800,00","5.960,00","26,07K"
31/08/2011,"6.040,00","6.040,00","5.910,00","5.990,00","50,19K"
01/09/2011,"6.040,00","6.040,00","6.000,00","6.000,00","55,67K"
02/09/2011,"5.920,00","6.000,00","5.920,00","6.000,00","59,20K"
05/09/2011,"5.930,00","5.930,00","5.930,00","5.930,00","20,00K"
06/09/2011,"5.930,00","5.930,00","5.930,00","5.930,00","8,05K"
07/09/2011,"5.930,00","5.930,00","5.930,00","5.930,00","11,67K"
08/09/2011,"5.930,00","5.930,00","5.910,00","5.910,00","41,69K"
14/09/2011,"5.840,00","5.910,00","5.840,00","5.910,00","15,53K"
16/09/2011,"5.840,00","5.850,00","5.800,00","5.850,00","56,54K"
28/09/2011,"5.800,00","5.800,00","5.610,00","5.610,00","434,60K"
30/09/2011,"6.030,00","6.030,00","5.760,00","5.760,00","112,23K"
03/10/2011,"6.000,00","6.000,00","5.800,00","5.800,00","31,39K"
04/10/2011,"5.900,00","5.930,00","5.900,00","5.930,00","33,00K"
05/10/2011,"5.890,00","5.890,00","5.680,00","5.680,00","9,45K"
06/10/2011,"5.800,00","5.800,00","5.800,00","5.800,00","51,88K"
13/10/2011,"5.800,00","5.800,00","5.800,00","5.800,00","172,54K"
14/10/2011,"5.700,00","5.700,00","5.700,00","5.700,00","9,42K"
25/10/2011,"5.640,00","5.640,00","5.560,00","5.560,00","12,08K"
26/10/2011,"5.540,00","5.560,00","5.540,00","5.560,00","11,00K"
27/10/2011,"5.650,00","5.650,00","5.400,00","5.400,00","15,85K"
28/10/2011,"5.630,00","5.630,00","5.430,00","5.430,00","61,79K"
31/10/2011,"5.700,00","5.700,00","5.430,00","5.430,00","140,50K"
02/11/2011,"5.650,00","5.650,00","5.520,00","5.520,00","17,07K"
03/11/2011,"5.600,00","5.600,00","5.600,00","5.600,00","28,10K"
11/11/2011,"5.490,00","5.490,00","5.290,00","5.300,00","35,05K"
16/11/2011,"5.360,00","5.360,00","5.360,00","5.360,00","20,54K"
17/11/2011,"5.310,00","5.310,00","5.300,00","5.300,00","13,52K"
18/11/2011,"5.390,00","5.390,00","5.330,00","5.330,00","20,00K"
21/11/2011,"5.280,00","5.280,00","5.190,00","5.190,00","22,43K"
22/11/2011,"5.250,00","5.250,00","5.100,00","5.100,00","112,50K"
23/11/2011,"5.200,00","5.200,00","4.950,00","5.100,00","55,41K"
24/11/2011,"5.100,00","5.100,00","4.980,00","5.000,00","70,40K"
25/11/2011,"5.010,00","5.100,00","5.000,00","5.000,00","57,15K"
28/11/2011,"4.950,00","5.060,00","4.950,00","5.020,00","56,89K"
29/11/2011,"4.950,00","4.950,00","4.950,00","4.950,00","13,29K"
30/11/2011,"5.000,00","5.050,00","5.000,00","5.000,00","26,67K"
01/12/2011,"5.030,00","5.030,00","4.910,00","4.980,00","144,43K"
02/12/2011,"5.030,00","5.030,00","5.030,00","5.030,00","6,94K"
05/12/2011,"5.070,00","5.070,00","4.960,00","4.960,00","5,28K"
07/12/2011,"5.000,00","5.000,00","5.000,00","5.000,00","9,65K"
09/12/2011,"5.050,00","5.050,00","5.050,00","5.050,00","8,09K"
12/12/2011,"5.050,00","5.050,00","4.940,00","5.000,00","30,96K"
13/12/2011,"4.990,00","5.000,00","4.940,00","5.000,00","161,77K"
14/12/2011,"4.990,00","4.990,00","4.990,00","4.990,00","8,22K"
15/12/2011,"4.950,00","4.950,00","4.950,00","4.950,00","6,21K"
16/12/2011,"5.000,00","5.090,00","5.000,00","5.060,00","86,10K"
20/12/2011,"5.000,00","5.000,00","5.000,00","5.000,00","6,05K"
21/12/2011,"5.090,00","5.090,00","5.080,00","5.080,00","19,48K"
22/12/2011,"5.000,00","5.000,00","5.000,00","5.000,00","17,18K"
23/12/2011,"4.810,00","4.980,00","4.810,00","4.980,00","31,55K"
02/01/2012,"4.975,00","4.975,00","4.975,00","4.975,00","3,00K"
11/01/2012,"4.995,00","4.995,00","4.805,00","4.805,00","29,73K"
12/01/2012,"4.950,00","4.950,00","4.825,00","4.825,00","13,62K"
17/01/2012,"4.880,00","4.880,00","4.880,00","4.880,00","34,15K"
18/01/2012,"4.805,00","4.830,00","4.805,00","4.830,00","48,94K"
19/01/2012,"4.790,00","4.800,00","4.700,00","4.800,00","78,67K"
20/01/2012,"4.750,00","4.750,00","4.750,00","4.750,00","425,00K"
23/01/2012,"4.720,00","4.750,00","4.720,00","4.750,00","19,12K"
24/01/2012,"4.795,00","4.795,00","4.700,00","4.700,00","13,38K"
25/01/2012,"4.980,00","4.980,00","4.800,00","4.800,00","71,54K"
26/01/2012,"5.300,00","5.370,00","5.000,00","5.000,00","151,41K"
27/01/2012,"5.270,00","5.270,00","5.180,00","5.180,00","33,07K"
30/01/2012,"5.120,00","5.130,00","5.120,00","5.130,00","27,95K"
31/01/2012,"5.210,00","5.210,00","5.210,00","5.210,00","41,39K"
01/02/2012,"5.130,00","5.140,00","5.070,00","5.140,00","22,00K"
02/02/2012,"5.100,00","5.100,00","5.090,00","5.090,00","52,38K"
03/02/2012,"5.090,00","5.090,00","5.070,00","5.070,00","13,87K"
06/02/2012,"5.100,00","5.100,00","5.060,00","5.090,00","42,73K"
07/02/2012,"5.100,00","5.100,00","5.100,00","5.100,00","32,72K"
08/02/2012,"5.120,00","5.180,00","5.100,00","5.180,00","50,67K"
09/02/2012,"5.200,00","5.200,00","5.100,00","5.100,00","62,43K"
10/02/2012,"5.280,00","5.280,00","5.170,00","5.200,00","15,43K"
13/02/2012,"5.300,00","5.300,00","5.290,00","5.290,00","24,28K"
14/02/2012,"5.400,00","5.500,00","5.300,00","5.400,00","98,56K"
15/02/2012,"5.400,00","5.420,00","5.400,00","5.400,00","72,42K"
17/02/2012,"5.400,00","5.490,00","5.400,00","5.490,00","58,30K"
20/02/2012,"5.370,00","5.370,00","5.310,00","5.350,00","22,53K"
21/02/2012,"5.350,00","5.350,00","5.290,00","5.300,00","35,37K"
24/02/2012,"5.400,00","5.400,00","5.300,00","5.300,00","68,25K"
27/02/2012,"5.370,00","5.370,00","5.210,00","5.330,00","119,22K"
28/02/2012,"5.350,00","5.350,00","5.200,00","5.230,00","67,98K"
29/02/2012,"5.390,00","5.390,00","5.200,00","5.200,00","72,99K"
01/03/2012,"5.290,00","5.360,00","5.200,00","5.230,00","39,45K"
06/03/2012,"5.200,00","5.200,00","5.200,00","5.200,00","16,78K"
07/03/2012,"5.170,00","5.170,00","5.000,00","5.120,00","32,03K"
08/03/2012,"5.100,00","5.100,00","5.100,00","5.100,00","15,59K"
09/03/2012,"5.110,00","5.110,00","5.050,00","5.100,00","22,68K"
12/03/2012,"5.100,00","5.100,00","5.010,00","5.010,00","17,00K"
13/03/2012,"5.050,00","5.070,00","5.000,00","5.070,00","64,84K"
14/03/2012,"5.000,00","5.010,00","5.000,00","5.010,00","40,40K"
15/03/2012,"4.955,00","4.955,00","4.885,00","4.910,00","34,45K"
16/03/2012,"4.900,00","5.000,00","4.900,00","4.990,00","714,70K"
21/03/2012,"4.950,00","4.950,00","4.950,00","4.950,00","11,90K"
22/03/2012,"4.895,00","4.900,00","4.895,00","4.900,00","122,80K"
23/03/2012,"4.910,00","4.915,00","4.905,00","4.905,00","155,72K"
26/03/2012,"4.910,00","4.940,00","4.905,00","4.910,00","19,18K"
27/03/2012,"4.905,00","4.945,00","4.905,00","4.945,00","27,03K"
28/03/2012,"4.905,00","4.910,00","4.905,00","4.910,00","23,42K"
29/03/2012,"4.950,00","4.950,00","4.905,00","4.910,00","96,52K"
30/03/2012,"4.910,00","4.950,00","4.910,00","4.950,00","35,35K"
03/04/2012,"4.985,00","4.985,00","4.910,00","4.910,00","153,28K"
04/04/2012,"4.900,00","4.900,00","4.900,00","4.900,00","4,11K"
09/04/2012,"4.905,00","4.905,00","4.900,00","4.900,00","14,19K"
10/04/2012,"4.900,00","4.900,00","4.900,00","4.900,00","6,81K"
11/04/2012,"4.900,00","4.900,00","4.900,00","4.900,00","12,86K"
13/04/2012,"4.900,00","4.900,00","4.900,00","4.900,00","22,11K"
16/04/2012,"4.895,00","4.895,00","4.895,00","4.895,00","21,00K"
17/04/2012,"4.805,00","4.880,00","4.800,00","4.825,00","44,97K"
18/04/2012,"4.820,00","4.820,00","4.805,00","4.805,00","22,46K"
19/04/2012,"4.795,00","4.800,00","4.795,00","4.800,00","35,73K"
20/04/2012,"4.775,00","4.800,00","4.775,00","4.775,00","46,73K"
23/04/2012,"4.720,00","4.720,00","4.710,00","4.710,00","25,65K"
24/04/2012,"4.895,00","4.895,00","4.785,00","4.785,00","151,52K"
25/04/2012,"4.880,00","4.890,00","4.850,00","4.890,00","137,49K"
26/04/2012,"4.910,00","4.910,00","4.880,00","4.890,00","114,21K"
27/04/2012,"4.885,00","4.915,00","4.885,00","4.910,00","92,24K"
30/04/2012,"4.830,00","4.830,00","4.830,00","4.830,00","12,11K"
02/05/2012,"4.840,00","4.850,00","4.830,00","4.830,00","150,89K"
03/05/2012,"4.840,00","4.840,00","4.835,00","4.840,00","63,38K"
04/05/2012,"4.780,00","4.830,00","4.780,00","4.830,00","51,14K"
08/05/2012,"4.840,00","4.840,00","4.775,00","4.775,00","34,38K"
10/05/2012,"4.750,00","4.750,00","4.710,00","4.720,00","61,30K"
11/05/2012,"4.710,00","4.750,00","4.710,00","4.750,00","86,35K"
14/05/2012,"4.765,00","4.765,00","4.700,00","4.710,00","54,25K"
15/05/2012,"4.770,00","4.780,00","4.765,00","4.765,00","433,26K"
16/05/2012,"4.780,00","4.780,00","4.700,00","4.700,00","182,95K"
17/05/2012,"4.725,00","4.725,00","4.705,00","4.705,00","25,69K"
18/05/2012,"4.730,00","4.750,00","4.725,00","4.725,00","99,60K"
23/05/2012,"4.750,00","4.770,00","4.755,00","4.770,00","254,24K"
24/05/2012,"4.775,00","4.775,00","4.710,00","4.710,00","29,01K"
25/05/2012,"4.785,00","4.785,00","4.750,00","4.750,00","78,76K"
28/05/2012,"4.790,00","4.790,00","4.720,00","4.720,00","49,10K"
30/05/2012,"4.785,00","4.785,00","4.700,00","4.705,00","146,76K"
31/05/2012,"4.730,00","4.800,00","4.720,00","4.775,00","354,64K"
01/06/2012,"4.730,00","4.730,00","4.730,00","4.730,00","10,74K"
04/06/2012,"4.720,00","4.720,00","4.720,00","4.720,00","15,35K"
05/06/2012,"4.705,00","4.705,00","4.700,00","4.700,00","34,05K"
06/06/2012,"4.620,00","4.620,00","4.620,00","4.620,00","8,21K"
07/06/2012,"4.690,00","4.690,00","4.690,00","4.690,00","12,00K"
08/06/2012,"4.690,00","4.700,00","4.690,00","4.700,00","59,98K"
12/06/2012,"4.690,00","4.690,00","4.650,00","4.650,00","23,87K"
13/06/2012,"4.685,00","4.685,00","4.620,00","4.620,00","15,43K"
14/06/2012,"4.695,00","4.695,00","4.615,00","4.615,00","32,07K"
15/06/2012,"4.685,00","4.685,00","4.600,00","4.600,00","24,93K"
19/06/2012,"4.600,00","4.660,00","4.600,00","4.660,00","16,82K"
20/06/2012,"4.630,00","4.630,00","4.630,00","4.630,00","8,61K"
21/06/2012,"4.695,00","4.695,00","4.510,00","4.510,00","8,35K"
25/06/2012,"4.640,00","4.640,00","4.640,00","4.640,00","8,58K"
29/06/2012,"4.460,00","4.600,00","4.460,00","4.600,00","26,86K"
11/07/2012,"4.200,00","4.285,00","4.200,00","4.285,00","223,39K"
12/07/2012,"4.190,00","4.205,00","4.190,00","4.205,00","51,88K"
17/07/2012,"4.000,00","4.000,00","4.000,00","4.000,00","24,93K"
18/07/2012,"4.000,00","4.000,00","4.000,00","4.000,00","18,52K"
19/07/2012,"4.000,00","4.000,00","4.000,00","4.000,00","32,75K"
24/07/2012,"4.000,00","4.050,00","4.050,00","4.050,00","170,95K"
25/07/2012,"4.015,00","4.050,00","4.015,00","4.050,00","50,05K"
26/07/2012,"4.000,00","4.000,00","4.000,00","4.000,00","128,14K"
27/07/2012,"4.000,00","4.000,00","3.960,00","3.960,00","56,38K"
30/07/2012,"4.070,00","4.155,00","4.000,00","4.155,00","255,65K"
31/07/2012,"4.000,00","4.000,00","4.000,00","4.000,00","19,53K"
02/08/2012,"4.000,00","4.000,00","4.000,00","4.000,00","79,59K"
09/08/2012,"4.000,00","4.000,00","4.000,00","4.000,00","3,66K"
10/08/2012,"4.000,00","4.000,00","4.000,00","4.000,00","25,13K"
13/08/2012,"4.120,00","4.120,00","4.000,00","4.000,00","749,65K"
14/08/2012,"4.100,00","4.170,00","4.100,00","4.170,00","22,50K"
15/08/2012,"4.100,00","4.100,00","4.090,00","4.100,00","54,87K"
16/08/2012,"4.050,00","4.100,00","4.050,00","4.100,00","167,19K"
21/08/2012,"4.165,00","4.165,00","4.145,00","4.145,00","45,18K"
24/08/2012,"4.150,00","4.150,00","4.120,00","4.120,00","87,21K"
27/08/2012,"4.200,00","4.200,00","4.200,00","4.200,00","119,54K"
28/08/2012,"4.300,00","4.300,00","4.255,00","4.300,00","170,46K"
29/08/2012,"4.360,00","4.370,00","4.350,00","4.350,00","23,27K"
30/08/2012,"4.310,00","4.350,00","4.310,00","4.350,00","76,65K"
04/09/2012,"4.340,00","4.340,00","4.250,00","4.250,00","61,29K"
06/09/2012,"4.395,00","4.395,00","4.205,00","4.205,00","72,93K"
07/09/2012,"4.390,00","4.390,00","4.300,00","4.300,00","72,10K"
10/09/2012,"4.325,00","4.325,00","4.325,00","4.325,00","21,75K"
11/09/2012,"4.320,00","4.320,00","4.320,00","4.320,00","17,35K"
13/09/2012,"4.350,00","4.350,00","4.330,00","4.330,00","86,08K"
14/09/2012,"4.330,00","4.330,00","4.330,00","4.330,00","64,84K"
17/09/2012,"4.300,00","4.330,00","4.300,00","4.300,00","456,68K"
18/09/2012,"4.300,00","4.345,00","4.300,00","4.345,00","76,42K"
19/09/2012,"4.300,00","4.400,00","4.300,00","4.330,00","352,41K"
20/09/2012,"4.300,00","4.300,00","4.300,00","4.300,00","14,01K"
21/09/2012,"4.215,00","4.220,00","4.215,00","4.220,00","24,29K"
24/09/2012,"4.110,00","4.250,00","4.110,00","4.250,00","91,13K"
25/09/2012,"4.010,00","4.110,00","4.005,00","4.110,00","142,08K"
26/09/2012,"4.000,00","4.000,00","3.900,00","3.900,00","194,21K"
28/09/2012,"4.015,00","4.150,00","4.000,00","4.000,00","62,50K"
01/10/2012,"4.100,00","4.100,00","4.100,00","4.100,00","239,46K"
02/10/2012,"4.175,00","4.200,00","4.150,00","4.150,00","172,50K"
03/10/2012,"4.200,00","4.270,00","4.200,00","4.200,00","101,80K"
04/10/2012,"4.225,00","4.230,00","4.225,00","4.230,00","73,06K"
05/10/2012,"4.210,00","4.210,00","4.170,00","4.210,00","35,45K"
08/10/2012,"4.160,00","4.160,00","4.130,00","4.130,00","48,58K"
09/10/2012,"4.125,00","4.125,00","4.125,00","4.125,00","16,49K"
10/10/2012,"4.070,00","4.100,00","4.070,00","4.100,00","22,98K"
11/10/2012,"4.110,00","4.120,00","4.100,00","4.100,00","73,09K"
12/10/2012,"4.400,00","4.400,00","4.100,00","4.100,00","1,74M"
16/10/2012,"4.400,00","4.400,00","4.300,00","4.300,00","540,06K"
17/10/2012,"4.420,00","4.440,00","4.400,00","4.440,00","90,26K"
18/10/2012,"4.590,00","4.590,00","4.400,00","4.400,00","338,50K"
19/10/2012,"4.700,00","4.795,00","4.630,00","4.670,00","493,37K"
22/10/2012,"4.770,00","4.775,00","4.705,00","4.705,00","145,92K"
23/10/2012,"4.720,00","4.720,00","4.720,00","4.720,00","34,75K"
24/10/2012,"4.700,00","4.720,00","4.700,00","4.720,00","54,01K"
25/10/2012,"4.720,00","4.730,00","4.670,00","4.730,00","137,09K"
26/10/2012,"4.730,00","4.740,00","4.730,00","4.740,00","141,70K"
29/10/2012,"4.740,00","4.740,00","4.730,00","4.730,00","47,80K"
30/10/2012,"4.755,00","4.755,00","4.725,00","4.725,00","87,86K"
31/10/2012,"4.800,00","4.800,00","4.800,00","4.800,00","27,66K"
01/11/2012,"4.765,00","4.900,00","4.765,00","4.820,00","426,75K"
02/11/2012,"4.560,00","4.560,00","4.560,00","4.560,00","49,88K"
10/01/2014,"3.500,00","3.500,00","3.500,00","3.500,00","7,91K"
13/01/2014,"3.110,00","3.360,00","3.110,00","3.360,00","17,74K"
15/01/2014,"3.230,00","3.235,00","3.230,00","3.230,00","46,70K"
16/01/2014,"3.230,00","3.230,00","3.115,00","3.115,00","25,00K"
17/01/2014,"3.195,00","3.195,00","3.125,00","3.125,00","33,23K"
20/01/2014,"3.100,00","3.150,00","3.095,00","3.100,00","50,00K"
21/01/2014,"3.100,00","3.215,00","3.025,00","3.090,00","103,33K"
22/01/2014,"3.100,00","3.150,00","3.100,00","3.150,00","27,46K"
23/01/2014,"3.180,00","3.205,00","3.060,00","3.060,00","134,61K"
24/01/2014,"3.130,00","3.260,00","3.100,00","3.260,00","64,73K"
27/01/2014,"3.060,00","3.190,00","3.050,00","3.190,00","115,93K"
28/01/2014,"3.055,00","3.095,00","3.050,00","3.060,00","77,10K"
29/01/2014,"3.025,00","3.055,00","3.025,00","3.055,00","29,10K"
31/01/2014,"3.120,00","3.145,00","3.060,00","3.060,00","148,95K"
03/02/2014,"3.050,00","3.110,00","3.040,00","3.040,00","53,28K"
04/02/2014,"3.030,00","3.055,00","3.030,00","3.055,00","32,33K"
05/02/2014,"3.000,00","3.005,00","3.000,00","3.005,00","44,36K"
07/02/2014,"3.000,00","3.000,00","2.985,00","2.985,00","37,23K"
10/02/2014,"2.980,00","2.980,00","2.980,00","2.980,00","34,26K"
11/02/2014,"2.995,00","2.995,00","2.960,00","2.960,00","45,62K"
13/02/2014,"2.950,00","2.950,00","2.950,00","2.950,00","29,20K"
14/02/2014,"2.995,00","3.005,00","2.950,00","2.980,00","294,15K"
17/02/2014,"3.000,00","3.000,00","2.995,00","2.995,00","27,65K"
18/02/2014,"2.990,00","2.990,00","2.980,00","2.980,00","24,08K"
19/02/2014,"2.985,00","2.985,00","2.960,00","2.960,00","17,21K"
24/02/2014,"2.955,00","2.960,00","2.900,00","2.900,00","66,72K"
25/02/2014,"2.895,00","2.880,00","2.800,00","2.880,00","214,85K"
26/02/2014,"2.990,00","2.995,00","2.810,00","2.810,00","107,68K"
27/02/2014,"2.900,00","2.945,00","2.875,00","2.875,00","159,43K"
28/02/2014,"2.990,00","3.000,00","2.825,00","2.825,00","354,22K"
03/03/2014,"2.950,00","2.950,00","2.950,00","2.950,00","5,66K"
06/03/2014,"3.035,00","3.035,00","2.995,00","2.995,00","46,09K"
07/03/2014,"2.975,00","3.015,00","2.975,00","3.000,00","29,23K"
11/03/2014,"2.995,00","2.995,00","2.930,00","2.930,00","40,80K"
12/03/2014,"2.950,00","2.960,00","2.950,00","2.960,00","50,58K"
13/03/2014,"3.000,00","3.015,00","3.000,00","3.000,00","113,59K"
14/03/2014,"3.000,00","3.090,00","3.000,00","3.040,00","156,57K"
17/03/2014,"3.050,00","3.095,00","3.000,00","3.015,00","2,20M"
18/03/2014,"3.050,00","3.060,00","3.050,00","3.060,00","53,17K"
20/03/2014,"3.010,00","3.010,00","3.010,00","3.010,00","42,63K"
21/03/2014,"3.000,00","3.005,00","3.000,00","3.005,00","37,76K"
25/03/2014,"2.980,00","3.000,00","2.980,00","3.000,00","31,91K"
26/03/2014,"2.865,00","2.920,00","2.865,00","2.880,00","141,19K"
27/03/2014,"2.890,00","2.960,00","2.890,00","2.950,00","46,85K"
28/03/2014,"2.945,00","2.960,00","2.890,00","2.890,00","176,69K"
31/03/2014,"2.960,00","2.980,00","2.955,00","2.955,00","50,31K"
01/04/2014,"2.950,00","2.950,00","2.950,00","2.950,00","186,96K"
02/04/2014,"2.960,00","2.960,00","2.930,00","2.930,00","42,51K"
03/04/2014,"3.020,00","3.020,00","3.000,00","3.000,00","87,08K"
04/04/2014,"3.020,00","3.020,00","3.015,00","3.015,00","54,77K"
10/04/2014,"2.945,00","2.945,00","2.945,00","2.945,00","25,67K"
15/04/2014,"2.950,00","2.950,00","2.950,00","2.950,00","28,85K"
16/04/2014,"2.950,00","2.950,00","2.950,00","2.950,00","24,80K"
22/04/2014,"2.900,00","2.900,00","2.900,00","2.900,00","77,70K"
23/04/2014,"2.900,00","2.900,00","2.900,00","2.900,00","47,11K"
24/04/2014,"2.865,00","2.865,00","2.860,00","2.865,00","55,03K"
25/04/2014,"2.865,00","2.865,00","2.865,00","2.865,00","41,74K"
29/04/2014,"2.900,00","2.900,00","2.900,00","2.900,00","37,21K"
30/04/2014,"2.980,00","2.980,00","2.890,00","2.895,00","171,88K"
05/05/2014,"2.975,00","2.975,00","2.975,00","2.975,00","32,33K"
06/05/2014,"2.900,00","2.900,00","2.900,00","2.900,00","16,82K"
07/05/2014,"2.835,00","2.835,00","2.835,00","2.835,00","29,21K"
08/05/2014,"2.845,00","2.845,00","2.845,00","2.845,00","37,34K"
12/05/2014,"2.860,00","2.870,00","2.860,00","2.865,00","41,77K"
13/05/2014,"2.870,00","2.870,00","2.860,00","2.860,00","52,10K"
14/05/2014,"2.860,00","2.860,00","2.860,00","2.860,00","47,48K"
16/05/2014,"2.855,00","2.855,00","2.855,00","2.855,00","45,48K"
20/05/2014,"2.800,00","2.800,00","2.800,00","2.800,00","28,38K"
21/05/2014,"2.780,00","2.780,00","2.780,00","2.780,00","57,52K"
23/05/2014,"2.745,00","2.755,00","2.745,00","2.755,00","69,02K"
26/05/2014,"2.800,00","2.800,00","2.800,00","2.800,00","14,49K"
27/05/2014,"2.780,00","2.800,00","2.780,00","2.800,00","170,59K"
28/05/2014,"2.795,00","2.795,00","2.755,00","2.770,00","81,10K"
29/05/2014,"2.795,00","2.795,00","2.755,00","2.755,00","41,83K"
04/06/2014,"2.730,00","2.775,00","2.730,00","2.775,00","168,03K"
05/06/2014,"2.750,00","2.750,00","2.750,00","2.750,00","17,38K"
06/06/2014,"2.750,00","2.750,00","2.730,00","2.730,00","60,16K"
09/06/2014,"2.770,00","2.770,00","2.770,00","2.770,00","239,43K"
10/06/2014,"2.770,00","2.770,00","2.765,00","2.765,00","143,70K"
11/06/2014,"2.800,00","2.810,00","2.800,00","2.800,00","223,75K"
13/06/2014,"2.820,00","2.850,00","2.820,00","2.850,00","15,00K"
16/06/2014,"2.880,00","2.880,00","2.790,00","2.790,00","42,65K"
18/06/2014,"2.895,00","2.895,00","2.830,00","2.830,00","99,45K"
19/06/2014,"2.900,00","2.900,00","2.890,00","2.890,00","38,13K"
20/06/2014,"2.940,00","2.940,00","2.940,00","2.940,00","32,48K"
24/06/2014,"2.985,00","2.985,00","2.870,00","2.870,00","93,81K"
25/06/2014,"2.950,00","2.950,00","2.950,00","2.950,00","11,77K"
27/06/2014,"2.955,00","2.955,00","2.955,00","2.955,00","5,89K"
04/07/2014,"2.900,00","2.900,00","2.900,00","2.900,00","12,63K"
07/07/2014,"2.865,00","2.865,00","2.865,00","2.865,00","25,95K"
08/07/2014,"2.940,00","2.940,00","2.940,00","2.940,00","15,19K"
09/07/2014,"2.855,00","2.855,00","2.855,00","2.855,00","11,81K"
10/07/2014,"2.805,00","2.805,00","2.805,00","2.805,00","39,94K"
11/07/2014,"2.850,00","2.850,00","2.850,00","2.850,00","17,38K"
15/07/2014,"2.790,00","2.790,00","2.745,00","2.745,00","49,57K"
16/07/2014,"2.845,00","2.850,00","2.760,00","2.760,00","23,46K"
21/07/2014,"2.850,00","2.850,00","2.770,00","2.770,00","31,63K"
23/07/2014,"2.795,00","2.795,00","2.795,00","2.795,00","19,04K"
24/07/2014,"2.830,00","2.830,00","2.830,00","2.830,00","9,40K"
25/07/2014,"2.825,00","2.825,00","2.750,00","2.790,00","106,11K"
28/07/2014,"2.795,00","2.795,00","2.795,00","2.795,00","16,15K"
29/07/2014,"2.800,00","2.805,00","2.800,00","2.805,00","35,37K"
30/07/2014,"2.900,00","2.900,00","2.810,00","2.825,00","122,24K"
31/07/2014,"2.895,00","2.925,00","2.850,00","2.925,00","72,37K"
01/08/2014,"2.805,00","2.805,00","2.805,00","2.805,00","43,07K"
05/08/2014,"2.815,00","2.815,00","2.810,00","2.815,00","21,66K"
12/08/2014,"2.810,00","2.810,00","2.800,00","2.805,00","36,04K"
13/08/2014,"2.780,00","2.800,00","2.780,00","2.800,00","82,98K"
14/08/2014,"2.775,00","2.775,00","2.775,00","2.775,00","19,00K"
15/08/2014,"2.870,00","2.870,00","2.870,00","2.870,00","7,47K"
22/08/2014,"2.850,00","2.850,00","2.750,00","2.770,00","63,06K"
26/08/2014,"2.765,00","2.775,00","2.765,00","2.775,00","27,50K"
27/08/2014,"2.835,00","2.840,00","2.770,00","2.770,00","337,92K"
28/08/2014,"2.875,00","2.875,00","2.820,00","2.820,00","98,19K"
29/08/2014,"2.900,00","2.900,00","2.850,00","2.850,00","376,03K"
01/09/2014,"2.920,00","2.920,00","2.900,00","2.920,00","343,47K"
02/09/2014,"2.940,00","2.940,00","2.920,00","2.920,00","71,04K"
03/09/2014,"2.960,00","3.000,00","2.940,00","2.940,00","1,52M"
04/09/2014,"3.000,00","3.035,00","3.000,00","3.035,00","196,22K"
08/09/2014,"3.020,00","3.020,00","2.995,00","2.995,00","77,53K"
09/09/2014,"3.025,00","3.025,00","3.010,00","3.020,00","291,19K"
10/09/2014,"3.030,00","3.030,00","3.020,00","3.020,00","243,85K"
11/09/2014,"3.035,00","3.040,00","3.030,00","3.030,00","564,09K"
12/09/2014,"3.070,00","3.070,00","3.035,00","3.035,00","92,03K"
15/09/2014,"3.100,00","3.100,00","3.070,00","3.070,00","487,42K"
16/09/2014,"3.110,00","3.110,00","3.110,00","3.110,00","32,74K"
19/09/2014,"3.000,00","3.000,00","3.000,00","3.000,00","34,23K"
23/09/2014,"2.950,00","2.950,00","2.950,00","2.950,00","40,43K"
24/09/2014,"2.940,00","2.940,00","2.940,00","2.940,00","47,00K"
29/10/2014,"2.825,00","2.825,00","2.825,00","2.825,00","21,40K"
30/10/2014,"2.730,00","2.800,00","2.730,00","2.755,00","126,28K"
31/10/2014,"2.785,00","2.785,00","2.785,00","2.785,00","9,73K"
07/11/2014,"2.675,00","2.675,00","2.675,00","2.675,00","53,80K"
25/11/2014,"2.470,00","2.575,00","2.470,00","2.575,00","73,01K"
28/11/2014,"2.375,00","2.375,00","2.375,00","2.375,00","15,00K"
01/12/2014,"2.290,00","2.290,00","2.290,00","2.290,00","70,00K"
02/12/2014,"2.250,00","2.300,00","2.250,00","2.300,00","24,41K"
03/12/2014,"2.200,00","2.200,00","2.200,00","2.200,00","34,60K"
04/12/2014,"2.200,00","2.200,00","2.120,00","2.200,00","1,38M"
11/12/2014,"2.005,00","2.115,00","2.005,00","2.115,00","220,81K"
12/12/2014,"2.000,00","2.000,00","2.000,00","2.000,00","158,36K"
17/12/2014,"2.005,00","2.030,00","2.000,00","2.030,00","61,33K"
18/12/2014,"2.075,00","2.100,00","2.075,00","2.100,00","65,65K"
19/12/2014,"2.100,00","2.100,00","2.080,00","2.080,00","43,13K"
22/12/2014,"2.100,00","2.100,00","2.080,00","2.100,00","402,55K"
23/12/2014,"2.310,00","2.310,00","2.125,00","2.175,00","316,78K"
24/12/2014,"2.350,00","2.350,00","2.350,00","2.350,00","8,00K"
30/12/2014,"2.400,00","2.400,00","2.400,00","2.400,00","64,78K"
05/01/2015,"2.305,00","2.305,00","2.305,00","2.305,00","11,00K"
08/01/2015,"2.215,00","2.215,00","2.215,00","2.215,00","19,10K"
16/01/2015,"2.000,00","2.100,00","2.000,00","2.100,00","101,02K"
19/01/2015,"2.000,00","2.000,00","2.000,00","2.000,00","200,70K"
22/01/2015,"2.000,00","2.000,00","2.000,00","2.000,00","15,00K"
23/01/2015,"2.000,00","2.000,00","2.000,00","2.000,00","16,50K"
27/01/2015,"1.995,00","1.995,00","1.995,00","1.995,00","10,60K"
03/02/2015,"1.920,00","1.920,00","1.920,00","1.920,00","32,76K"
04/02/2015,"1.935,00","1.935,00","1.935,00","1.935,00","31,77K"
05/02/2015,"1.940,00","1.940,00","1.940,00","1.940,00","48,37K"
09/02/2015,"1.910,00","1.910,00","1.910,00","1.910,00","26,85K"
12/02/2015,"1.855,00","1.855,00","1.855,00","1.855,00","22,58K"
19/02/2015,"1.900,00","1.920,00","1.900,00","1.920,00","43,87K"
23/02/2015,"1.825,00","1.825,00","1.825,00","1.825,00","68,24K"
24/02/2015,"1.850,00","1.850,00","1.850,00","1.850,00","19,69K"
25/02/2015,"1.850,00","1.850,00","1.850,00","1.850,00","244,90K"
26/02/2015,"1.850,00","1.850,00","1.850,00","1.850,00","237,50K"
27/02/2015,"1.860,00","1.860,00","1.850,00","1.850,00","332,39K"
02/03/2015,"1.860,00","1.860,00","1.860,00","1.860,00","17,60K"
05/03/2015,"1.860,00","1.860,00","1.860,00","1.860,00","12,10K"
06/03/2015,"1.860,00","1.860,00","1.860,00","1.860,00","18,30K"
16/03/2015,"1.860,00","1.860,00","1.860,00","1.860,00","35,88K"
17/03/2015,"1.855,00","1.855,00","1.855,00","1.855,00","36,08K"
18/03/2015,"1.860,00","1.860,00","1.860,00","1.860,00","88,00K"
19/03/2015,"1.900,00","1.900,00","1.900,00","1.900,00","21,99K"
24/03/2015,"1.900,00","1.900,00","80.678,00","1.900,00","80,68K"
06/04/2015,"1.825,00","1.900,00","1.825,00","1.900,00","115,84K"
07/04/2015,"1.860,00","1.860,00","1.825,00","1.825,00","152,67K"
08/04/2015,"1.850,00","1.850,00","1.790,00","1.790,00","146,94K"
10/04/2015,"1.850,00","1.850,00","1.850,00","1.850,00","22,03K"
16/04/2015,"1.820,00","1.820,00","1.820,00","1.820,00","144,20K"
17/04/2015,"1.800,00","1.800,00","1.755,00","1.755,00","92,62K"
20/04/2015,"1.795,00","1.795,00","1.795,00","1.795,00","15,44K"
21/04/2015,"1.795,00","1.795,00","1.795,00","1.795,00","190,00K"
22/04/2015,"1.750,00","1.750,00","1.725,00","1.750,00","42,10K"
24/04/2015,"1.770,00","1.785,00","1.770,00","1.785,00","71,69K"
28/04/2015,"1.795,00","1.800,00","1.780,00","1.780,00","353,24K"
05/05/2015,"1.785,00","1.790,00","1.785,00","1.785,00","54,50K"
15/05/2015,"1.700,00","1.700,00","1.700,00","1.700,00","78,07K"
19/05/2015,"1.620,00","1.635,00","1.620,00","1.635,00","109,87K"
21/05/2015,"1.620,00","1.620,00","1.560,00","1.560,00","42,27K"
28/05/2015,"1.560,00","1.560,00","1.560,00","1.560,00","47,28K"
29/05/2015,"1.495,00","1.495,00","1.495,00","1.495,00","73,58K"
01/06/2015,"1.505,00","1.505,00","1.505,00","1.505,00","35,81K"
02/06/2015,"1.560,00","1.585,00","1.560,00","1.575,00","89,90K"
04/06/2015,"1.460,00","1.480,00","1.460,00","1.480,00","76,34K"
05/06/2015,"1.465,00","1.480,00","1.465,00","1.480,00","1,16M"
09/06/2015,"1.470,00","1.470,00","1.470,00","1.470,00","300,35K"
10/06/2015,"1.425,00","1.455,00","1.425,00","1.455,00","182,92K"
11/06/2015,"1.425,00","1.430,00","1.425,00","1.430,00","149,27K"
12/06/2015,"1.440,00","1.440,00","1.415,00","1.415,00","60,12K"
16/06/2015,"1.445,00","1.445,00","1.445,00","1.445,00","56,20K"
17/06/2015,"1.400,00","1.400,00","1.400,00","1.400,00","103,04K"
19/06/2015,"1.410,00","1.420,00","1.410,00","1.410,00","55,31K"
22/06/2015,"1.400,00","1.435,00","1.400,00","1.435,00","92,08K"
23/06/2015,"1.405,00","1.405,00","1.405,00","1.410,00","966,71K"
25/06/2015,"1.450,00","1.450,00","1.450,00","1.450,00","33,42K"
26/06/2015,"1.445,00","1.445,00","1.445,00","1.445,00","32,67K"
01/07/2015,"1.450,00","1.465,00","1.440,00","1.450,00","185,52K"
03/07/2015,"1.465,00","1.465,00","1.465,00","1.465,00","41,57K"
07/07/2015,"1.480,00","1.480,00","1.480,00","1.480,00","78,11K"
08/07/2015,"1.490,00","1.490,00","1.490,00","1.490,00","25,40K"
09/07/2015,"1.475,00","1.475,00","1.475,00","1.475,00","72,31K"
14/07/2015,"1.555,00","1.555,00","1.555,00","1.555,00","26,95K"
16/07/2015,"1.615,00","1.615,00","1.615,00","1.615,00","9,50K"
17/07/2015,"1.675,00","1.675,00","1.675,00","1.675,00","34,10K"
21/07/2015,"1.720,00","1.720,00","1.720,00","1.720,00","79,32K"
24/07/2015,"1.705,00","1.705,00","1.660,00","1.660,00","165,19K"
27/07/2015,"1.710,00","1.710,00","1.710,00","1.710,00","52,44K"
28/07/2015,"1.715,00","1.725,00","1.710,00","1.725,00","78,12K"
29/07/2015,"1.750,00","1.750,00","1.715,00","1.715,00","207,06K"
30/07/2015,"1.770,00","1.770,00","1.770,00","1.770,00","21,36K"
12/08/2015,"1.795,00","1.795,00","1.750,00","1.750,00","54,62K"
14/08/2015,"1.800,00","1.800,00","1.800,00","1.800,00","12,51K"
19/08/2015,"1.800,00","1.800,00","1.800,00","1.800,00","21,89K"
21/08/2015,"1.870,00","1.870,00","1.870,00","1.870,00","25,10K"
24/08/2015,"1.920,00","1.920,00","1.920,00","1.920,00","85,92K"
25/08/2015,"1.960,00","1.960,00","1.960,00","1.960,00","28,47K"
27/08/2015,"1.930,00","1.930,00","1.900,00","1.900,00","59,64K"
28/08/2015,"1.940,00","1.940,00","1.940,00","1.940,00","29,87K"
31/08/2015,"1.920,00","1.940,00","1.920,00","1.940,00","35,60K"
01/09/2015,"1.960,00","1.960,00","1.915,00","1.915,00","83,74K"
03/09/2015,"1.900,00","1.900,00","1.900,00","1.900,00","8,50K"
07/09/2015,"1.950,00","1.950,00","1.950,00","1.950,00","29,20K"
08/09/2015,"1.950,00","1.950,00","1.950,00","1.950,00","45,49K"
11/09/2015,"1.920,00","1.920,00","1.920,00","1.920,00","16,06K"
14/09/2015,"1.950,00","1.970,00","1.950,00","1.970,00","28,43K"
15/09/2015,"1.950,00","1.955,00","1.950,00","1.955,00","54,06K"
16/09/2015,"1.950,00","1.950,00","1.950,00","1.950,00","2,80K"
17/09/2015,"1.950,00","1.950,00","1.950,00","1.950,00","19,31K"
21/09/2015,"1.965,00","1.975,00","1.965,00","1.965,00","21,78K"
22/09/2015,"1.930,00","1.985,00","1.930,00","1.985,00","64,34K"
23/09/2015,"1.930,00","1.930,00","1.930,00","1.930,00","60,00K"
24/09/2015,"1.920,00","1.920,00","1.920,00","1.920,00","17,46K"
25/09/2015,"1.900,00","1.900,00","1.900,00","1.900,00","4,52K"
28/09/2015,"1.900,00","1.940,00","1.900,00","1.940,00","32,00K"
29/09/2015,"1.900,00","1.900,00","1.900,00","1.900,00","17,00K"
30/09/2015,"1.900,00","1.900,00","1.900,00","1.900,00","5,48K"
01/10/2015,"1.850,00","1.850,00","1.850,00","1.850,00","15,40K"
05/10/2015,"1.850,00","1.850,00","1.850,00","1.850,00","16,43K"
06/10/2015,"1.950,00","1.950,00","1.870,00","1.950,00","57,62K"
07/10/2015,"1.875,00","1.875,00","1.875,00","1.875,00","13,00K"
08/10/2015,"2.000,00","2.000,00","1.950,00","1.950,00","52,33K"
09/10/2015,"2.000,00","2.000,00","2.000,00","2.000,00","16,94K"
13/10/2015,"1.980,00","1.980,00","1.980,00","1.980,00","12,51K"
14/10/2015,"2.000,00","2.000,00","2.000,00","2.000,00","2,80K"
16/10/2015,"1.955,00","1.955,00","1.955,00","1.955,00","13,59K"
19/10/2015,"1.950,00","1.955,00","1.950,00","1.955,00","24,55K"
20/10/2015,"1.950,00","1.950,00","1.950,00","1.950,00","7,50K"
21/10/2015,"1.950,00","1.950,00","1.950,00","1.950,00","7,20K"
22/10/2015,"1.950,00","1.950,00","1.950,00","1.950,00","6,21K"
26/10/2015,"1.955,00","1.955,00","1.955,00","1.955,00","5,60K"
27/10/2015,"1.925,00","1.925,00","1.925,00","1.925,00","7,34K"
28/10/2015,"1.900,00","1.900,00","1.900,00","1.925,00","19,50K"
10/11/2015,"1.900,00","1.900,00","1.895,00","1.900,00","34,90K"
11/11/2015,"1.900,00","1.900,00","1.900,00","1.900,00","7,00K"
13/11/2015,"1.900,00","1.900,00","1.900,00","1.900,00","235,00K"
18/11/2015,"1.900,00","1.900,00","1.900,00","1.900,00","250,00K"
19/11/2015,"1.900,00","1.900,00","1.900,00","1.900,00","10,00K"
20/11/2015,"1.900,00","1.900,00","1.900,00","1.890,00","64,40K"
23/11/2015,"1.900,00","1.900,00","1.755,00","1.755,00","16,43K"
24/11/2015,"1.760,00","1.760,00","1.760,00","1.760,00","13,66K"
25/11/2015,"1.755,00","1.755,00","1.755,00","1.765,00","51,11K"
26/11/2015,"1.760,00","1.760,00","1.760,00","1.760,00","6,70K"
27/11/2015,"1.760,00","1.760,00","1.760,00","1.760,00","28,64K"
01/12/2015,"1.800,00","1.800,00","1.760,00","1.760,00","31,10K"
02/12/2015,"1.850,00","1.850,00","1.850,00","1.850,00","18,26K"
04/12/2015,"1.845,00","1.800,00","1.800,00","1.800,00","0,00"
07/12/2015,"1.845,00","1.845,00","1.800,00","1.845,00","62,07K"
09/12/2015,"1.850,00","1.850,00","1.850,00","1.850,00","0,00"
10/12/2015,"1.890,00","1.890,00","1.850,00","1.850,00","130,76K"
11/12/2015,"1.760,00","1.760,00","1.760,00","1.760,00","6,12K"
14/12/2015,"1.760,00","1.760,00","1.760,00","1.760,00","9,83K"
17/12/2015,"1.780,00","1.850,00","1.760,00","1.850,00","33,12K"
21/12/2015,"1.785,00","1.785,00","1.785,00","1.785,00","0,00"
23/12/2015,"1.865,00","1.865,00","1.865,00","1.865,00","0,00"
24/12/2015,"1.845,00","1.845,00","1.805,00","1.845,00","32,49K"
30/12/2015,"1.845,00","1.845,00","1.845,00","1.845,00","43,52K"
04/01/2016,"1.895,00","1.895,00","1.845,00","1.845,00","21,36K"
05/01/2016,"1.950,00","1.950,00","1.945,00","1.945,00","33,24K"
06/01/2016,"1.970,00","1.970,00","1.905,00","1.905,00","21,00K"
13/01/2016,"1.785,00","1.785,00","1.785,00","1.785,00","0,00"
15/01/2016,"1.900,00","1.900,00","1.900,00","1.900,00","0,00"
21/01/2016,"1.820,00","1.820,00","1.820,00","1.820,00","42,21K"
22/01/2016,"1.860,00","1.875,00","1.860,00","1.875,00","22,20K"
26/01/2016,"1.890,00","1.900,00","1.865,00","1.900,00","40,30K"
27/01/2016,"1.925,00","1.925,00","1.880,00","1.880,00","41,21K"
28/01/2016,"1.925,00","1.925,00","1.925,00","1.925,00","0,00"
29/01/2016,"1.970,00","1.970,00","1.950,00","1.950,00","19,80K"
01/02/2016,"1.930,00","1.980,00","1.930,00","1.980,00","13,18K"
02/02/2016,"1.950,00","1.950,00","1.950,00","1.950,00","10,60K"
03/02/2016,"1.975,00","1.990,00","1.975,00","1.990,00","19,50K"
04/02/2016,"1.995,00","1.995,00","1.995,00","1.995,00","8,11K"
05/02/2016,"2.065,00","2.110,00","1.970,00","2.015,00","447,59K"
08/02/2016,"2.130,00","2.135,00","2.045,00","2.060,00","296,63K"
09/02/2016,"2.175,00","2.240,00","2.150,00","2.150,00","66,13K"
10/02/2016,"2.180,00","2.180,00","2.140,00","2.140,00","13,88K"
11/02/2016,"2.260,00","2.260,00","2.190,00","2.200,00","250,07K"
12/02/2016,"2.130,00","2.300,00","2.130,00","2.260,00","350,61K"
15/02/2016,"2.140,00","2.140,00","2.125,00","2.140,00","23,87K"
16/02/2016,"2.170,00","2.185,00","2.170,00","2.185,00","38,53K"
17/02/2016,"2.200,00","2.200,00","2.200,00","2.200,00","33,69K"
18/02/2016,"2.300,00","2.300,00","2.215,00","2.215,00","493,70K"
19/02/2016,"2.390,00","2.390,00","2.290,00","2.300,00","92,19K"
22/02/2016,"2.285,00","2.340,00","2.270,00","2.270,00","34,28K"
23/02/2016,"2.290,00","2.290,00","2.290,00","2.290,00","0,00"
24/02/2016,"2.360,00","2.360,00","2.350,00","2.350,00","116,59K"
25/02/2016,"2.360,00","2.360,00","2.330,00","2.360,00","63,71K"
26/02/2016,"2.315,00","2.380,00","2.295,00","2.295,00","23,50K"
29/02/2016,"2.315,00","2.315,00","2.295,00","2.295,00","37,49K"
01/03/2016,"2.300,00","2.305,00","2.300,00","2.305,00","51,24K"
03/03/2016,"2.305,00","2.330,00","2.305,00","2.330,00","32,41K"
04/03/2016,"2.380,00","2.380,00","2.370,00","2.370,00","29,11K"
07/03/2016,"2.440,00","2.450,00","2.380,00","2.380,00","49,92K"
08/03/2016,"2.400,00","2.450,00","2.400,00","2.450,00","31,95K"
10/03/2016,"2.450,00","2.450,00","2.400,00","2.400,00","78,00K"
11/03/2016,"2.440,00","2.440,00","2.355,00","2.355,00","12,38K"
14/03/2016,"2.400,00","2.400,00","2.365,00","2.365,00","15,19K"
15/03/2016,"2.400,00","2.400,00","2.300,00","2.335,00","147,24K"
16/03/2016,"2.330,00","2.330,00","2.330,00","2.330,00","5,32K"
18/03/2016,"2.330,00","2.330,00","2.330,00","2.330,00","0,00"
22/03/2016,"2.445,00","2.445,00","2.395,00","2.395,00","63,04K"
23/03/2016,"2.500,00","2.500,00","2.450,00","2.450,00","103,00K"
28/03/2016,"2.495,00","2.495,00","2.495,00","2.495,00","0,00"
29/03/2016,"2.445,00","2.445,00","2.445,00","2.445,00","0,00"
30/03/2016,"2.500,00","2.500,00","2.375,00","2.375,00","98,24K"
31/03/2016,"2.495,00","2.500,00","2.495,00","2.500,00","48,49K"
01/04/2016,"2.495,00","2.495,00","2.495,00","2.495,00","31,20K"
05/04/2016,"2.495,00","2.495,00","2.480,00","2.480,00","58,04K"
07/04/2016,"2.420,00","2.490,00","2.420,00","2.490,00","22,84K"
11/04/2016,"2.425,00","2.425,00","2.425,00","2.425,00","5,17K"
12/04/2016,"2.470,00","2.500,00","2.470,00","2.490,00","102,67K"
13/04/2016,"2.420,00","2.430,00","2.420,00","2.430,00","65,54K"
14/04/2016,"2.440,00","2.440,00","2.420,00","2.420,00","21,90K"
15/04/2016,"2.440,00","2.440,00","2.440,00","2.440,00","37,80K"
18/04/2016,"2.430,00","2.430,00","2.420,00","2.420,00","23,34K"
19/04/2016,"2.450,00","2.450,00","2.450,00","2.450,00","0,00"
21/04/2016,"2.450,00","2.450,00","2.450,00","2.450,00","0,00"
22/04/2016,"2.430,00","2.465,00","2.430,00","2.465,00","15,48K"
27/04/2016,"2.420,00","2.420,00","2.420,00","2.420,00","0,00"
28/04/2016,"2.470,00","2.475,00","2.470,00","2.470,00","98,75K"
02/05/2016,"2.450,00","2.550,00","2.450,00","2.470,00","158,32K"
03/05/2016,"2.450,00","2.450,00","2.320,00","2.430,00","8,48K"
04/05/2016,"2.400,00","2.400,00","2.400,00","2.400,00","0,00"
05/05/2016,"2.330,00","2.335,00","2.335,00","2.335,00","57,45K"
10/05/2016,"2.350,00","2.350,00","2.350,00","2.350,00","22,00K"
11/05/2016,"2.330,00","2.330,00","2.270,00","2.270,00","43,06K"
12/05/2016,"2.330,00","2.325,00","2.325,00","2.325,00","0,00"
13/05/2016,"2.290,00","2.335,00","2.290,00","2.330,00","112,32K"
17/05/2016,"2.385,00","2.385,00","2.380,00","2.385,00","37,79K"
18/05/2016,"2.355,00","2.355,00","2.355,00","2.355,00","7,88K"
23/05/2016,"2.345,00","2.345,00","2.305,00","2.305,00","35,26K"
24/05/2016,"2.350,00","2.350,00","2.300,00","2.310,00","46,93K"
26/05/2016,"2.330,00","2.395,00","2.330,00","2.390,00","9,73K"
27/05/2016,"2.360,00","2.360,00","2.360,00","2.360,00","0,00"
31/05/2016,"2.330,00","2.330,00","2.330,00","2.330,00","0,00"
01/06/2016,"2.380,00","2.395,00","2.380,00","2.395,00","61,12K"
02/06/2016,"2.350,00","2.370,00","2.350,00","2.370,00","456,04K"
08/06/2016,"2.390,00","2.390,00","2.390,00","2.390,00","0,00"
10/06/2016,"2.390,00","2.390,00","2.390,00","2.390,00","7,73K"
13/06/2016,"2.390,00","2.390,00","2.385,00","2.385,00","81,20K"
15/06/2016,"2.390,00","2.390,00","2.390,00","2.390,00","0,00"
16/06/2016,"2.385,00","2.390,00","2.355,00","2.390,00","55,38K"
17/06/2016,"2.300,00","2.350,00","2.300,00","2.350,00","70,43K"
20/06/2016,"2.360,00","2.365,00","2.300,00","2.365,00","26,92K"
22/06/2016,"2.350,00","2.350,00","2.350,00","2.350,00","0,00"
24/06/2016,"2.385,00","2.385,00","2.320,00","2.350,00","95,49K"
27/06/2016,"2.400,00","2.400,00","2.390,00","2.390,00","41,86K"
28/06/2016,"2.440,00","2.440,00","2.355,00","2.355,00","44,71K"
29/06/2016,"2.440,00","2.440,00","2.440,00","2.440,00","18,19K"
01/07/2016,"2.500,00","2.500,00","2.500,00","2.500,00","50,00K"
05/07/2016,"2.495,00","2.495,00","2.420,00","2.495,00","60,14K"
06/07/2016,"2.680,00","2.680,00","2.570,00","2.570,00","11,57K"
11/07/2016,"2.510,00","2.680,00","2.510,00","2.680,00","34,06K"
12/07/2016,"2.510,00","2.510,00","2.510,00","2.510,00","9,01K"
14/07/2016,"2.505,00","2.515,00","2.505,00","2.515,00","28,33K"
15/07/2016,"2.505,00","2.505,00","2.505,00","2.505,00","6,57K"
18/07/2016,"2.560,00","2.560,00","2.505,00","2.505,00","25,09K"
22/07/2016,"2.450,00","2.450,00","2.450,00","2.450,00","0,00"
25/07/2016,"2.450,00","2.450,00","2.450,00","2.450,00","0,00"
27/07/2016,"2.400,00","2.460,00","2.400,00","2.430,00","223,18K"
28/07/2016,"2.400,00","2.405,00","2.400,00","2.405,00","28,06K"
01/08/2016,"2.360,00","2.400,00","2.360,00","2.400,00","57,42K"
02/08/2016,"2.375,00","2.400,00","2.360,00","2.400,00","53,56K"
04/08/2016,"2.305,00","2.330,00","2.305,00","2.320,00","181,91K"
11/08/2016,"2.400,00","2.400,00","2.335,00","2.380,00","710,24K"
17/08/2016,"2.435,00","2.435,00","2.435,00","2.435,00","10,00K"
18/08/2016,"2.435,00","2.430,00","2.430,00","2.430,00","23,70K"
24/08/2016,"2.420,00","2.420,00","2.420,00","2.420,00","0,00"
25/08/2016,"2.580,00","2.580,00","2.580,00","2.580,00","20,00K"
26/08/2016,"2.435,00","2.500,00","2.435,00","2.500,00","11,42K"
31/08/2016,"2.350,00","2.380,00","2.350,00","2.380,00","203,21K"
01/09/2016,"2.350,00","2.350,00","2.350,00","2.350,00","12,67K"
02/09/2016,"2.350,00","2.350,00","2.345,00","2.345,00","76,44K"
06/09/2016,"2.315,00","2.320,00","2.315,00","2.320,00","65,11K"
07/09/2016,"2.315,00","2.315,00","2.310,00","2.310,00","304,78K"
08/09/2016,"2.310,00","2.315,00","2.310,00","2.315,00","41,46K"
09/09/2016,"2.315,00","2.315,00","2.315,00","2.315,00","59,00K"
12/09/2016,"2.310,00","2.310,00","2.300,00","2.300,00","56,94K"
14/09/2016,"2.300,00","2.300,00","2.300,00","2.300,00","13,38K"
15/09/2016,"2.200,00","2.260,00","2.260,00","2.260,00","29,45K"
16/09/2016,"2.160,00","2.285,00","2.065,00","2.285,00","29,01K"
19/09/2016,"2.200,00","2.200,00","2.190,00","2.190,00","49,32K"
20/09/2016,"2.200,00","2.200,00","2.200,00","2.200,00","58,28K"
21/09/2016,"2.155,00","2.155,00","2.155,00","2.155,00","34,53K"
23/09/2016,"2.155,00","2.200,00","2.155,00","2.200,00","79,45K"
28/09/2016,"2.200,00","2.200,00","2.200,00","2.200,00","0,00"
29/09/2016,"2.200,00","2.200,00","2.195,00","2.195,00","12,54K"
30/09/2016,"2.200,00","2.200,00","2.190,00","2.190,00","422,27K"
03/10/2016,"2.220,00","2.220,00","2.220,00","2.220,00","28,92K"
04/10/2016,"2.185,00","2.185,00","2.185,00","2.185,00","10,50K"
05/10/2016,"2.155,00","2.200,00","2.155,00","2.200,00","18,61K"
06/10/2016,"2.155,00","2.155,00","2.155,00","2.155,00","0,00"
07/10/2016,"2.155,00","2.155,00","2.155,00","2.155,00","100,55K"
10/10/2016,"2.100,00","2.120,00","2.120,00","2.120,00","0,00"
11/10/2016,"2.150,00","2.150,00","2.150,00","2.150,00","7,02K"
20/10/2016,"2.105,00","2.110,00","2.105,00","2.110,00","16,04K"
21/10/2016,"2.100,00","2.100,00","2.095,00","2.100,00","77,31K"
25/10/2016,"2.095,00","2.100,00","2.090,00","2.100,00","41,34K"
26/10/2016,"2.100,00","2.100,00","2.100,00","2.100,00","80,40K"
28/10/2016,"2.100,00","2.100,00","2.100,00","2.100,00","22,00K"
31/10/2016,"2.100,00","2.100,00","2.100,00","2.100,00","0,00"
01/11/2016,"2.100,00","2.100,00","2.065,00","2.100,00","92,41K"
02/11/2016,"2.100,00","2.100,00","2.100,00","2.100,00","29,43K"
03/11/2016,"2.065,00","2.065,00","2.065,00","2.065,00","7,05K"
04/11/2016,"2.070,00","2.070,00","2.070,00","2.070,00","13,00K"
08/11/2016,"2.095,00","2.090,00","2.090,00","2.090,00","0,00"
09/11/2016,"2.100,00","2.100,00","2.100,00","2.100,00","107,63K"
10/11/2016,"2.060,00","2.100,00","2.060,00","2.070,00","55,56K"
11/11/2016,"2.085,00","2.085,00","2.050,00","2.065,00","98,35K"
15/11/2016,"2.050,00","2.050,00","2.050,00","2.050,00","24,85K"
16/11/2016,"2.000,00","2.050,00","2.000,00","2.050,00","55,00K"
17/11/2016,"1.940,00","1.940,00","1.940,00","1.940,00","16,99K"
18/11/2016,"1.975,00","1.990,00","1.950,00","1.990,00","47,51K"
22/11/2016,"1.970,00","1.975,00","1.970,00","1.975,00","27,79K"
29/11/2016,"2.000,00","2.000,00","2.000,00","2.000,00","6,37K"
30/11/2016,"2.000,00","2.000,00","1.970,00","1.970,00","67,70K"
02/12/2016,"2.000,00","2.000,00","2.000,00","2.000,00","6,31K"
06/12/2016,"1.990,00","2.000,00","1.970,00","1.970,00","20,50K"
07/12/2016,"1.970,00","1.970,00","1.970,00","1.970,00","11,84K"
09/12/2016,"1.970,00","1.970,00","1.970,00","1.970,00","17,46K"
14/12/2016,"1.960,00","1.960,00","1.925,00","1.955,00","73,75K"
15/12/2016,"1.950,00","1.955,00","1.950,00","1.955,00","27,60K"
16/12/2016,"1.950,00","1.995,00","1.950,00","1.990,00","24,48K"
19/12/2016,"1.940,00","1.950,00","1.940,00","1.945,00","137,22K"
20/12/2016,"1.900,00","1.955,00","1.900,00","1.955,00","370,42K"
21/12/2016,"1.900,00","1.910,00","1.900,00","1.910,00","94,49K"
22/12/2016,"1.920,00","1.925,00","1.895,00","1.895,00","192,79K"
23/12/2016,"1.900,00","1.920,00","1.920,00","1.920,00","252,53K"
26/12/2016,"1.910,00","1.920,00","1.910,00","1.920,00","41,73K"
27/12/2016,"1.915,00","1.950,00","1.900,00","1.915,00","585,34K"
29/12/2016,"1.920,00","1.920,00","1.920,00","1.920,00","118,46K"
02/01/2017,"1.940,00","1.940,00","1.940,00","1.940,00","0,00"
03/01/2017,"1.915,00","1.940,00","1.915,00","1.940,00","45,98K"
04/01/2017,"1.905,00","1.905,00","1.905,00","1.905,00","23,60K"
05/01/2017,"1.920,00","1.940,00","1.920,00","1.940,00","75,24K"
06/01/2017,"1.915,00","1.920,00","1.915,00","1.920,00","119,40K"
11/01/2017,"1.915,00","1.915,00","1.915,00","1.915,00","14,99K"
12/01/2017,"1.915,00","1.915,00","1.915,00","1.915,00","39,52K"
13/01/2017,"1.915,00","1.915,00","1.915,00","1.915,00","31,83K"
16/01/2017,"1.965,00","1.965,00","1.935,00","1.935,00","78,37K"
17/01/2017,"1.930,00","1.955,00","1.930,00","1.940,00","243,80K"
18/01/2017,"2.000,00","2.030,00","1.930,00","1.930,00","1,41M"
19/01/2017,"2.090,00","2.100,00","2.030,00","2.030,00","129,96K"
20/01/2017,"2.095,00","2.095,00","2.075,00","2.085,00","42,52K"
23/01/2017,"2.095,00","2.095,00","2.050,00","2.050,00","73,77K"
24/01/2017,"2.075,00","2.095,00","2.075,00","2.095,00","24,73K"
25/01/2017,"2.075,00","2.100,00","2.075,00","2.095,00","149,21K"
26/01/2017,"2.140,00","2.150,00","2.075,00","2.075,00","391,96K"
27/01/2017,"2.150,00","2.150,00","2.105,00","2.105,00","70,99K"
30/01/2017,"2.100,00","2.120,00","2.100,00","2.120,00","72,25K"
31/01/2017,"2.080,00","2.120,00","2.080,00","2.120,00","40,84K"
01/02/2017,"2.050,00","2.075,00","2.050,00","2.075,00","40,47K"
02/02/2017,"2.110,00","2.115,00","2.095,00","2.095,00","526,69K"
03/02/2017,"2.110,00","2.110,00","2.100,00","2.100,00","66,95K"
07/02/2017,"2.125,00","2.135,00","2.125,00","2.135,00","9,63K"
08/02/2017,"2.075,00","2.090,00","2.075,00","2.090,00","25,81K"
09/02/2017,"2.145,00","2.145,00","2.120,00","2.120,00","96,83K"
10/02/2017,"2.165,00","2.165,00","2.145,00","2.145,00","14,73K"
13/02/2017,"2.185,00","2.185,00","2.170,00","2.170,00","41,02K"
15/02/2017,"2.220,00","2.220,00","2.140,00","2.150,00","626,76K"
16/02/2017,"2.365,00","2.370,00","2.240,00","2.240,00","734,20K"
17/02/2017,"2.400,00","2.450,00","2.350,00","2.350,00","323,82K"
20/02/2017,"2.430,00","2.430,00","2.390,00","2.390,00","49,72K"
21/02/2017,"2.430,00","2.440,00","2.395,00","2.440,00","36,41K"
22/02/2017,"2.490,00","2.490,00","2.415,00","2.425,00","449,26K"
23/02/2017,"2.435,00","2.480,00","2.435,00","2.480,00","79,31K"
24/02/2017,"2.470,00","2.470,00","2.435,00","2.435,00","68,85K"
27/02/2017,"2.450,00","2.470,00","2.400,00","2.470,00","71,77K"
28/02/2017,"2.395,00","2.450,00","2.385,00","2.445,00","106,76K"
01/03/2017,"2.390,00","2.390,00","2.375,00","2.375,00","14,39K"
02/03/2017,"2.360,00","2.370,00","2.350,00","2.355,00","100,23K"
03/03/2017,"2.320,00","2.320,00","2.320,00","2.320,00","15,73K"
06/03/2017,"2.320,00","2.320,00","2.305,00","2.320,00","20,62K"
07/03/2017,"2.400,00","2.400,00","2.400,00","2.400,00","23,28K"
08/03/2017,"2.395,00","2.395,00","2.365,00","2.365,00","25,64K"
10/03/2017,"2.440,00","2.440,00","2.370,00","2.370,00","72,80K"
13/03/2017,"2.380,00","2.400,00","2.375,00","2.400,00","68,31K"
14/03/2017,"2.380,00","2.400,00","2.380,00","2.400,00","26,87K"
15/03/2017,"2.380,00","2.380,00","2.380,00","2.380,00","152,84K"
16/03/2017,"2.380,00","2.380,00","2.380,00","2.380,00","50,16K"
17/03/2017,"2.390,00","2.440,00","2.390,00","2.440,00","9,50K"
21/03/2017,"2.390,00","2.440,00","2.380,00","2.440,00","25,76K"
22/03/2017,"2.385,00","2.390,00","2.370,00","2.390,00","35,63K"
23/03/2017,"2.395,00","2.395,00","2.330,00","2.390,00","39,21K"
24/03/2017,"2.400,00","2.450,00","2.380,00","2.395,00","326,86K"
27/03/2017,"2.450,00","2.450,00","2.400,00","2.400,00","61,51K"
28/03/2017,"2.405,00","2.405,00","2.405,00","2.405,00","14,37K"
29/03/2017,"2.440,00","2.445,00","2.400,00","2.445,00","77,00K"
30/03/2017,"2.435,00","2.435,00","2.400,00","2.400,00","187,65K"
31/03/2017,"2.450,00","2.450,00","2.430,00","2.440,00","182,61K"
03/04/2017,"2.445,00","2.445,00","2.425,00","2.425,00","57,52K"
04/04/2017,"2.425,00","2.425,00","2.425,00","2.425,00","0,00"
05/04/2017,"2.440,00","2.440,00","2.420,00","2.420,00","88,62K"
06/04/2017,"2.445,00","2.445,00","2.435,00","2.435,00","153,21K"
07/04/2017,"2.465,00","2.465,00","2.445,00","2.445,00","158,11K"
10/04/2017,"2.475,00","2.475,00","2.475,00","2.475,00","0,00"
11/04/2017,"2.495,00","2.500,00","2.460,00","2.465,00","262,34K"
12/04/2017,"2.500,00","2.500,00","2.500,00","2.500,00","0,00"
17/04/2017,"2.550,00","2.580,00","2.520,00","2.550,00","97,99K"
18/04/2017,"2.550,00","2.555,00","2.500,00","2.555,00","26,33K"
19/04/2017,"2.500,00","2.545,00","2.500,00","2.545,00","26,60K"
21/04/2017,"2.530,00","2.530,00","2.500,00","2.500,00","23,64K"
24/04/2017,"2.545,00","2.545,00","2.520,00","2.520,00","53,93K"
25/04/2017,"2.550,00","2.550,00","2.530,00","2.545,00","209,89K"
26/04/2017,"2.540,00","2.540,00","2.540,00","2.540,00","0,00"
27/04/2017,"2.585,00","2.585,00","2.540,00","2.540,00","356,60K"
28/04/2017,"2.600,00","2.600,00","2.585,00","2.585,00","123,30K"
02/05/2017,"2.715,00","2.720,00","2.635,00","2.640,00","356,35K"
03/05/2017,"2.720,00","2.720,00","2.665,00","2.680,00","34,02K"
04/05/2017,"2.700,00","2.700,00","2.700,00","2.700,00","55,54K"
05/05/2017,"2.710,00","2.710,00","2.700,00","2.700,00","79,73K"
08/05/2017,"2.725,00","2.725,00","2.695,00","2.700,00","47,92K"
09/05/2017,"2.695,00","2.720,00","2.640,00","2.680,00","72,97K"
10/05/2017,"2.645,00","2.660,00","2.590,00","2.590,00","38,51K"
11/05/2017,"2.590,00","2.645,00","2.590,00","2.625,00","99,23K"
12/05/2017,"2.550,00","2.600,00","2.530,00","2.570,00","92,44K"
15/05/2017,"2.600,00","2.600,00","2.545,00","2.545,00","35,31K"
16/05/2017,"2.590,00","2.590,00","2.515,00","2.520,00","64,10K"
17/05/2017,"2.650,00","2.650,00","2.595,00","2.595,00","62,03K"
18/05/2017,"2.630,00","2.650,00","2.540,00","2.650,00","246,77K"
19/05/2017,"2.570,00","2.570,00","2.520,00","2.570,00","270,85K"
23/05/2017,"2.570,00","2.570,00","2.570,00","2.570,00","24,03K"
24/05/2017,"2.540,00","2.540,00","2.540,00","2.540,00","110,00K"
25/05/2017,"2.540,00","2.560,00","2.530,00","2.530,00","75,56K"
26/05/2017,"2.610,00","2.610,00","2.560,00","2.560,00","78,86K"
